City,CountryCode,State,TimeZone,Latitude,Longitude
Lizi,CN,,Asia/Chongqing,31,082561,106,859116
Ochakiv,UA,,Europe/Simferopol,46,618767,31,538794
Chengbei,CN,,Asia/Chongqing,36,650040,101,766228
Falefa,WS,,Pacific/Apia,-13,887528,-171,587753
Heidelberg,ZA,,Africa/Johannesburg,-26,239689,28,321726
Newark,US,New Jersey,America/New_York,40,740002,-74,169998
Mirocin,PL,,Europe/Warsaw,50,043163,22,555595
Budapest,HU,Budapest,Europe/Budapest,47,479469,19,054478
Cagmanaba,PH,,Asia/Manila,13,055372,123,301491
Casa Nova,PT,Braga,Europe/Lisbon,41,078720,-7,435408
Newport,GB,England,Europe/London,52,691555,1,699375
Sap Yai,TH,,Asia/Bangkok,16,752451,100,262520
Bangbayang,ID,,Asia/Jakarta,-6,873423,107,074615
Alibago,PH,,Asia/Manila,17,101397,121,860809
Béziers,FR,Languedoc-Roussillon,Europe/Paris,43,336281,3,218896
Taizhou,CN,,Asia/Shanghai,28,656380,121,420761
Parang,PH,,Asia/Manila,7,326880,124,297203
Simapu,CN,,Asia/Shanghai,23,254488,116,370155
Tempe,US,Arizona,America/Phoenix,33,336384,-111,934364
Kabare,ID,,Asia/Jayapura,-0,134137,130,948593
Ivanovka,RU,,Asia/Vladivostok,55,790886,44,072479
Kegeyli Shahar,UZ,,Asia/Samarkand,42,775143,59,612278
Santa María Ixhuatán,GT,,America/Guatemala,14,176208,-90,262558
Ruse,BG,,Europe/Sofia,43,797997,25,905321
Orenburg,RU,,Asia/Yekaterinburg,51,768360,55,113022
Murganhal,PT,Lisboa,Europe/Lisbon,38,712223,-9,268828
Kalampáka,GR,,Europe/Athens,39,706619,21,628872
Were,ID,,Asia/Makassar,-0,789275,113,921326
Starotitarovskaya,RU,,Europe/Moscow,45,221382,37,116829
Kasakh,AM,,Asia/Yerevan,40,235527,44,451443
Innisfil,CA,Ontario,America/Toronto,44,341766,-79,542664
Sikka,ID,,Asia/Makassar,-8,676618,122,129181
Madingou,CG,,Africa/Brazzaville,-4,168245,13,552368
Tílisos,GR,,Europe/Athens,35,297039,25,018223
Embarcación,AR,,America/Argentina/Salta,-41,125484,-71,248596
Perpignan,FR,Languedoc-Roussillon,Europe/Paris,43,694309,2,037678
Bonga,PH,,Asia/Manila,13,151121,123,304710
Dagupan,PH,,Asia/Manila,14,635507,121,015488
Markaz Mudhaykirah,YE,,Asia/Aden,13,889530,43,968800
São Silvestre,PT,Coimbra,Europe/Lisbon,40,223351,-8,533652
Jianggezhuang,CN,,Asia/Shanghai,40,225140,116,781021
Bandar-e Ganāveh,IR,,Asia/Tehran,29,569208,50,523911
Wolbrom,PL,,Europe/Warsaw,50,379391,19,758400
Steinkjer,NO,Nord-Trondelag,Europe/Oslo,64,012886,11,496376
Paojan,ID,,Asia/Jakarta,-6,955949,107,509911
Łęki Szlacheckie,PL,,Europe/Warsaw,51,210991,19,752666
Farmington,US,Michigan,America/Detroit,42,464344,-83,405647
Quanjiang,CN,,Asia/Shanghai,30,402166,112,899765
Musina,ZA,,Africa/Johannesburg,-22,882463,30,145470
Glamang,PH,,Asia/Manila,6,163969,125,114441
Jiangyan,CN,,Asia/Shanghai,32,509155,120,127937
Znamenka,RU,,Europe/Moscow,52,415970,41,427853
Ulricehamn,SE,Västra Götaland,Europe/Stockholm,57,782249,13,416164
Yungay,PE,,America/Lima,-9,138416,-77,742348
Guanmiao,CN,,Asia/Chongqing,22,963705,120,332016
Qiankou,CN,,Asia/Shanghai,29,863600,118,307060
Shupenzë,AL,,Europe/Skopje,41,532726,20,423229
Pili,ID,,Asia/Makassar,-9,770222,124,514061
Hachinohe,JP,,Asia/Tokyo,40,232895,141,296860
Rönninge,SE,Stockholm,Europe/Stockholm,59,189480,17,755859
Qiaozhuang,CN,,Asia/Chongqing,33,259033,117,158783
Miraflores,PE,,America/Lima,-12,111062,-77,031593
Al Faḩāḩīl,KW,,Asia/Kuwait,29,082500,48,130280
Jiaocha,CN,,Asia/Chongqing,23,422152,106,681137
Zhaogezhuang,CN,,Asia/Harbin,39,765701,118,412766
San Rafael,PH,,Asia/Manila,14,569743,121,019081
Qinling Jieban,CN,,Asia/Chongqing,34,177769,108,868233
Bangeran,ID,,Asia/Jakarta,-7,370851,112,444046
Wyszki,PL,,Europe/Warsaw,52,852203,23,033457
Wumahe,CN,,Asia/Harbin,47,727688,128,799484
Rodez,FR,Midi-Pyrénées,Europe/Paris,44,545391,2,145520
La Reforma,GT,,America/Guatemala,14,605090,-90,515846
Cova Figueira,CV,,Atlantic/Cape_Verde,14,889236,-24,294027
Rencun,CN,,Asia/Chongqing,26,076536,119,280754
San Jose,MX,Sonora,America/Hermosillo,25,800772,-100,427780
Jadi,ID,,Asia/Jakarta,-6,952811,111,988022
Senador Pompeu,BR,,America/Fortaleza,-5,585034,-39,370831
Caja,PE,,America/Lima,-12,883333,-74,466667
Xinfeng,CN,,Asia/Shanghai,25,386379,114,922920
Baiyangwan,CN,,Asia/Shanghai,31,363344,120,547356
Tam Kỳ,VN,,Asia/Ho_Chi_Minh,15,563883,108,478630
Gorodets,RU,,Europe/Moscow,56,757786,43,537880
Cincinnati,US,Ohio,America/New_York,39,074505,-84,332108
Banyumas,ID,,Asia/Jakarta,-7,483213,109,140434
Houzhen,CN,,Asia/Chongqing,30,742804,120,488060
Bayt Ta‘mar,PS,,Asia/Hebron,31,678719,35,241821
Pointe Michel,DM,,America/Dominica,15,259569,-61,374981
Nkhotakota,MW,,Africa/Blantyre,-12,931686,34,281055
Caldas Novas,BR,,America/Sao_Paulo,-17,747250,-48,612274
Osasco,BR,,America/Sao_Paulo,-23,532887,-46,791996
Fūman,IR,,Asia/Tehran,37,220379,49,309505
Ambunti,PG,,Pacific/Port_Moresby,-4,214166,142,815201
Paris 11,FR,Île-de-France,Europe/Paris,48,861050,2,323708
Riangbaring,ID,,Asia/Makassar,-8,609113,122,778160
Chahe,CN,,Asia/Chongqing,19,238934,108,957344
Yerofey Pavlovich,RU,,Asia/Yakutsk,53,969925,121,945396
Bolengpulau,ID,,Asia/Makassar,-8,435833,119,991669
Jasugih Selatan,ID,,Asia/Jakarta,-6,434700,106,001503
Fort Portal,UG,,Africa/Kampala,0,654626,30,280117
Agualote,HN,,America/Guatemala,15,336265,-88,552910
