{"CITIES":{"CITY":[{"NAME":"Lizi","COUNTRYCODE":"CN","STATE":"","TIMEZONE":"Asia\/Chongqing","LATITUDE":31.082561492919922,"LONGITUDE":106.85911560058594},{"NAME":"Ochakiv","COUNTRYCODE":"UA","STATE":"","TIMEZONE":"Europe\/Simferopol","LATITUDE":46.61876678466797,"LONGITUDE":31.538793563842773},{"NAME":"Chengbei","COUNTRYCODE":"CN","STATE":"","TIMEZONE":"Asia\/Chongqing","LATITUDE":36.65003967285156,"LONGITUDE":101.76622772216797},{"NAME":"Falefa","COUNTRYCODE":"WS","STATE":"","TIMEZONE":"Pacific\/Apia","LATITUDE":-13.887528419494629,"LONGITUDE":-171.58775329589844},{"NAME":"Heidelberg","COUNTRYCODE":"ZA","STATE":"","TIMEZONE":"Africa\/Johannesburg","LATITUDE":-26.239688873291016,"LONGITUDE":28.321725845336914},{"NAME":"Newark","COUNTRYCODE":"US","STATE":"New Jersey","TIMEZONE":"America\/New_York","LATITUDE":40.7400016784668,"LONGITUDE":-74.16999816894531},{"NAME":"Mirocin","COUNTRYCODE":"PL","STATE":"","TIMEZONE":"Europe\/Warsaw","LATITUDE":50.04316329956055,"LONGITUDE":22.55559539794922},{"NAME":"Budapest","COUNTRYCODE":"HU","STATE":"Budapest","TIMEZONE":"Europe\/Budapest","LATITUDE":47.479469299316406,"LONGITUDE":19.05447769165039},{"NAME":"Cagmanaba","COUNTRYCODE":"PH","STATE":"","TIMEZONE":"Asia\/Manila","LATITUDE":13.05537223815918,"LONGITUDE":123.3014907836914},{"NAME":"Casa Nova","COUNTRYCODE":"PT","STATE":"Braga","TIMEZONE":"Europe\/Lisbon","LATITUDE":41.07872009277344,"LONGITUDE":-7.435408115386963},{"NAME":"Newport","COUNTRYCODE":"GB","STATE":"England","TIMEZONE":"Europe\/London","LATITUDE":52.69155502319336,"LONGITUDE":1.6993746757507324},{"NAME":"Sap Yai","COUNTRYCODE":"TH","STATE":"","TIMEZONE":"Asia\/Bangkok","LATITUDE":16.752450942993164,"LONGITUDE":100.26251983642578},{"NAME":"Bangbayang","COUNTRYCODE":"ID","STATE":"","TIMEZONE":"Asia\/Jakarta","LATITUDE":-6.873422622680664,"LONGITUDE":107.07461547851562},{"NAME":"Alibago","COUNTRYCODE":"PH","STATE":"","TIMEZONE":"Asia\/Manila","LATITUDE":17.101396560668945,"LONGITUDE":121.86080932617188},{"NAME":"Béziers","COUNTRYCODE":"FR","STATE":"Languedoc-Roussillon","TIMEZONE":"Europe\/Paris","LATITUDE":43.336280822753906,"LONGITUDE":3.2188961505889893},{"NAME":"Taizhou","COUNTRYCODE":"CN","STATE":"","TIMEZONE":"Asia\/Shanghai","LATITUDE":28.65637969970703,"LONGITUDE":121.42076110839844},{"NAME":"Parang","COUNTRYCODE":"PH","STATE":"","TIMEZONE":"Asia\/Manila","LATITUDE":7.326879978179932,"LONGITUDE":124.29720306396484},{"NAME":"Simapu","COUNTRYCODE":"CN","STATE":"","TIMEZONE":"Asia\/Shanghai","LATITUDE":23.254487991333008,"LONGITUDE":116.37015533447266},{"NAME":"Tempe","COUNTRYCODE":"US","STATE":"Arizona","TIMEZONE":"America\/Phoenix","LATITUDE":33.33638381958008,"LONGITUDE":-111.93436431884766},{"NAME":"Kabare","COUNTRYCODE":"ID","STATE":"","TIMEZONE":"Asia\/Jayapura","LATITUDE":-0.13413700461387634,"LONGITUDE":130.94859313964844},{"NAME":"Ivanovka","COUNTRYCODE":"RU","STATE":"","TIMEZONE":"Asia\/Vladivostok","LATITUDE":55.79088592529297,"LONGITUDE":44.072479248046875},{"NAME":"Kegeyli Shahar","COUNTRYCODE":"UZ","STATE":"","TIMEZONE":"Asia\/Samarkand","LATITUDE":42.775142669677734,"LONGITUDE":59.61227798461914},{"NAME":"Santa María Ixhuatán","COUNTRYCODE":"GT","STATE":"","TIMEZONE":"America\/Guatemala","LATITUDE":14.17620849609375,"LONGITUDE":-90.26255798339844},{"NAME":"Ruse","COUNTRYCODE":"BG","STATE":"","TIMEZONE":"Europe\/Sofia","LATITUDE":43.797996520996094,"LONGITUDE":25.90532112121582},{"NAME":"Orenburg","COUNTRYCODE":"RU","STATE":"","TIMEZONE":"Asia\/Yekaterinburg","LATITUDE":51.76836013793945,"LONGITUDE":55.11302185058594},{"NAME":"Murganhal","COUNTRYCODE":"PT","STATE":"Lisboa","TIMEZONE":"Europe\/Lisbon","LATITUDE":38.712223052978516,"LONGITUDE":-9.268828392028809},{"NAME":"Kalampáka","COUNTRYCODE":"GR","STATE":"","TIMEZONE":"Europe\/Athens","LATITUDE":39.70661926269531,"LONGITUDE":21.62887191772461},{"NAME":"Were","COUNTRYCODE":"ID","STATE":"","TIMEZONE":"Asia\/Makassar","LATITUDE":-0.7892749905586243,"LONGITUDE":113.92132568359375},{"NAME":"Starotitarovskaya","COUNTRYCODE":"RU","STATE":"","TIMEZONE":"Europe\/Moscow","LATITUDE":45.22138214111328,"LONGITUDE":37.11682891845703},{"NAME":"Kasakh","COUNTRYCODE":"AM","STATE":"","TIMEZONE":"Asia\/Yerevan","LATITUDE":40.23552703857422,"LONGITUDE":44.45144271850586},{"NAME":"Innisfil","COUNTRYCODE":"CA","STATE":"Ontario","TIMEZONE":"America\/Toronto","LATITUDE":44.341766357421875,"LONGITUDE":-79.54266357421875},{"NAME":"Sikka","COUNTRYCODE":"ID","STATE":"","TIMEZONE":"Asia\/Makassar","LATITUDE":-8.676617622375488,"LONGITUDE":122.12918090820312},{"NAME":"Madingou","COUNTRYCODE":"CG","STATE":"","TIMEZONE":"Africa\/Brazzaville","LATITUDE":-4.168245315551758,"LONGITUDE":13.5523681640625},{"NAME":"Tílisos","COUNTRYCODE":"GR","STATE":"","TIMEZONE":"Europe\/Athens","LATITUDE":35.29703903198242,"LONGITUDE":25.01822280883789},{"NAME":"Embarcación","COUNTRYCODE":"AR","STATE":"","TIMEZONE":"America\/Argentina\/Salta","LATITUDE":-41.125484466552734,"LONGITUDE":-71.24859619140625},{"NAME":"Perpignan","COUNTRYCODE":"FR","STATE":"Languedoc-Roussillon","TIMEZONE":"Europe\/Paris","LATITUDE":43.69430923461914,"LONGITUDE":2.037677526473999},{"NAME":"Bonga","COUNTRYCODE":"PH","STATE":"","TIMEZONE":"Asia\/Manila","LATITUDE":13.151121139526367,"LONGITUDE":123.3047103881836},{"NAME":"Dagupan","COUNTRYCODE":"PH","STATE":"","TIMEZONE":"Asia\/Manila","LATITUDE":14.635506629943848,"LONGITUDE":121.01548767089844},{"NAME":"Markaz Mudhaykirah","COUNTRYCODE":"YE","STATE":"","TIMEZONE":"Asia\/Aden","LATITUDE":13.889530181884766,"LONGITUDE":43.96879959106445},{"NAME":"São Silvestre","COUNTRYCODE":"PT","STATE":"Coimbra","TIMEZONE":"Europe\/Lisbon","LATITUDE":40.223350524902344,"LONGITUDE":-8.533652305603027},{"NAME":"Jianggezhuang","COUNTRYCODE":"CN","STATE":"","TIMEZONE":"Asia\/Shanghai","LATITUDE":40.22513961791992,"LONGITUDE":116.78102111816406},{"NAME":"Bandar-e Ganāveh","COUNTRYCODE":"IR","STATE":"","TIMEZONE":"Asia\/Tehran","LATITUDE":29.5692081451416,"LONGITUDE":50.52391052246094},{"NAME":"Wolbrom","COUNTRYCODE":"PL","STATE":"","TIMEZONE":"Europe\/Warsaw","LATITUDE":50.379390716552734,"LONGITUDE":19.758399963378906},{"NAME":"Steinkjer","COUNTRYCODE":"NO","STATE":"Nord-Trondelag","TIMEZONE":"Europe\/Oslo","LATITUDE":64.01288604736328,"LONGITUDE":11.496376037597656},{"NAME":"Paojan","COUNTRYCODE":"ID","STATE":"","TIMEZONE":"Asia\/Jakarta","LATITUDE":-6.955949306488037,"LONGITUDE":107.5099105834961},{"NAME":"Łęki Szlacheckie","COUNTRYCODE":"PL","STATE":"","TIMEZONE":"Europe\/Warsaw","LATITUDE":51.21099090576172,"LONGITUDE":19.752666473388672},{"NAME":"Farmington","COUNTRYCODE":"US","STATE":"Michigan","TIMEZONE":"America\/Detroit","LATITUDE":42.4643440246582,"LONGITUDE":-83.40564727783203},{"NAME":"Quanjiang","COUNTRYCODE":"CN","STATE":"","TIMEZONE":"Asia\/Shanghai","LATITUDE":30.40216636657715,"LONGITUDE":112.89976501464844},{"NAME":"Musina","COUNTRYCODE":"ZA","STATE":"","TIMEZONE":"Africa\/Johannesburg","LATITUDE":-22.882463455200195,"LONGITUDE":30.145469665527344},{"NAME":"Glamang","COUNTRYCODE":"PH","STATE":"","TIMEZONE":"Asia\/Manila","LATITUDE":6.163969039916992,"LONGITUDE":125.11444091796875},{"NAME":"Jiangyan","COUNTRYCODE":"CN","STATE":"","TIMEZONE":"Asia\/Shanghai","LATITUDE":32.5091552734375,"LONGITUDE":120.12793731689453},{"NAME":"Znamenka","COUNTRYCODE":"RU","STATE":"","TIMEZONE":"Europe\/Moscow","LATITUDE":52.41596984863281,"LONGITUDE":41.427852630615234},{"NAME":"Ulricehamn","COUNTRYCODE":"SE","STATE":"Västra Götaland","TIMEZONE":"Europe\/Stockholm","LATITUDE":57.782249450683594,"LONGITUDE":13.41616439819336},{"NAME":"Yungay","COUNTRYCODE":"PE","STATE":"","TIMEZONE":"America\/Lima","LATITUDE":-9.138416290283203,"LONGITUDE":-77.74234771728516},{"NAME":"Guanmiao","COUNTRYCODE":"CN","STATE":"","TIMEZONE":"Asia\/Chongqing","LATITUDE":22.96370506286621,"LONGITUDE":120.33201599121094},{"NAME":"Qiankou","COUNTRYCODE":"CN","STATE":"","TIMEZONE":"Asia\/Shanghai","LATITUDE":29.86359977722168,"LONGITUDE":118.30706024169922},{"NAME":"Shupenzë","COUNTRYCODE":"AL","STATE":"","TIMEZONE":"Europe\/Skopje","LATITUDE":41.5327262878418,"LONGITUDE":20.423229217529297},{"NAME":"Pili","COUNTRYCODE":"ID","STATE":"","TIMEZONE":"Asia\/Makassar","LATITUDE":-9.770221710205078,"LONGITUDE":124.5140609741211},{"NAME":"Hachinohe","COUNTRYCODE":"JP","STATE":"","TIMEZONE":"Asia\/Tokyo","LATITUDE":40.23289489746094,"LONGITUDE":141.29685974121094},{"NAME":"Rönninge","COUNTRYCODE":"SE","STATE":"Stockholm","TIMEZONE":"Europe\/Stockholm","LATITUDE":59.18947982788086,"LONGITUDE":17.755859375},{"NAME":"Qiaozhuang","COUNTRYCODE":"CN","STATE":"","TIMEZONE":"Asia\/Chongqing","LATITUDE":33.259033203125,"LONGITUDE":117.15878295898438},{"NAME":"Miraflores","COUNTRYCODE":"PE","STATE":"","TIMEZONE":"America\/Lima","LATITUDE":-12.111062049865723,"LONGITUDE":-77.0315933227539},{"NAME":"Al Faḩāḩīl","COUNTRYCODE":"KW","STATE":"","TIMEZONE":"Asia\/Kuwait","LATITUDE":29.082500457763672,"LONGITUDE":48.130279541015625},{"NAME":"Jiaocha","COUNTRYCODE":"CN","STATE":"","TIMEZONE":"Asia\/Chongqing","LATITUDE":23.422151565551758,"LONGITUDE":106.68113708496094},{"NAME":"Zhaogezhuang","COUNTRYCODE":"CN","STATE":"","TIMEZONE":"Asia\/Harbin","LATITUDE":39.76570129394531,"LONGITUDE":118.41276550292969},{"NAME":"San Rafael","COUNTRYCODE":"PH","STATE":"","TIMEZONE":"Asia\/Manila","LATITUDE":14.569743156433105,"LONGITUDE":121.01908111572266},{"NAME":"Qinling Jieban","COUNTRYCODE":"CN","STATE":"","TIMEZONE":"Asia\/Chongqing","LATITUDE":34.17776870727539,"LONGITUDE":108.86823272705078},{"NAME":"Bangeran","COUNTRYCODE":"ID","STATE":"","TIMEZONE":"Asia\/Jakarta","LATITUDE":-7.370850563049316,"LONGITUDE":112.44404602050781},{"NAME":"Wyszki","COUNTRYCODE":"PL","STATE":"","TIMEZONE":"Europe\/Warsaw","LATITUDE":52.852203369140625,"LONGITUDE":23.033456802368164},{"NAME":"Wumahe","COUNTRYCODE":"CN","STATE":"","TIMEZONE":"Asia\/Harbin","LATITUDE":47.72768783569336,"LONGITUDE":128.7994842529297},{"NAME":"Rodez","COUNTRYCODE":"FR","STATE":"Midi-Pyrénées","TIMEZONE":"Europe\/Paris","LATITUDE":44.54539108276367,"LONGITUDE":2.145519971847534},{"NAME":"La Reforma","COUNTRYCODE":"GT","STATE":"","TIMEZONE":"America\/Guatemala","LATITUDE":14.605090141296387,"LONGITUDE":-90.5158462524414},{"NAME":"Cova Figueira","COUNTRYCODE":"CV","STATE":"","TIMEZONE":"Atlantic\/Cape_Verde","LATITUDE":14.889236450195312,"LONGITUDE":-24.29402732849121},{"NAME":"Rencun","COUNTRYCODE":"CN","STATE":"","TIMEZONE":"Asia\/Chongqing","LATITUDE":26.076536178588867,"LONGITUDE":119.28075408935547},{"NAME":"San Jose","COUNTRYCODE":"MX","STATE":"Sonora","TIMEZONE":"America\/Hermosillo","LATITUDE":25.800771713256836,"LONGITUDE":-100.42778015136719},{"NAME":"Jadi","COUNTRYCODE":"ID","STATE":"","TIMEZONE":"Asia\/Jakarta","LATITUDE":-6.952811241149902,"LONGITUDE":111.98802185058594},{"NAME":"Senador Pompeu","COUNTRYCODE":"BR","STATE":"","TIMEZONE":"America\/Fortaleza","LATITUDE":-5.585034370422363,"LONGITUDE":-39.37083053588867},{"NAME":"Caja","COUNTRYCODE":"PE","STATE":"","TIMEZONE":"America\/Lima","LATITUDE":-12.883333206176758,"LONGITUDE":-74.46666717529297},{"NAME":"Xinfeng","COUNTRYCODE":"CN","STATE":"","TIMEZONE":"Asia\/Shanghai","LATITUDE":25.38637924194336,"LONGITUDE":114.92292022705078},{"NAME":"Baiyangwan","COUNTRYCODE":"CN","STATE":"","TIMEZONE":"Asia\/Shanghai","LATITUDE":31.363344192504883,"LONGITUDE":120.54735565185547},{"NAME":"Tam Kỳ","COUNTRYCODE":"VN","STATE":"","TIMEZONE":"Asia\/Ho_Chi_Minh","LATITUDE":15.563882827758789,"LONGITUDE":108.47863006591797},{"NAME":"Gorodets","COUNTRYCODE":"RU","STATE":"","TIMEZONE":"Europe\/Moscow","LATITUDE":56.75778579711914,"LONGITUDE":43.537879943847656},{"NAME":"Cincinnati","COUNTRYCODE":"US","STATE":"Ohio","TIMEZONE":"America\/New_York","LATITUDE":39.07450485229492,"LONGITUDE":-84.33210754394531},{"NAME":"Banyumas","COUNTRYCODE":"ID","STATE":"","TIMEZONE":"Asia\/Jakarta","LATITUDE":-7.483213424682617,"LONGITUDE":109.14043426513672},{"NAME":"Houzhen","COUNTRYCODE":"CN","STATE":"","TIMEZONE":"Asia\/Chongqing","LATITUDE":30.7428035736084,"LONGITUDE":120.4880599975586},{"NAME":"Bayt Ta‘mar","COUNTRYCODE":"PS","STATE":"","TIMEZONE":"Asia\/Hebron","LATITUDE":31.67871856689453,"LONGITUDE":35.2418212890625},{"NAME":"Pointe Michel","COUNTRYCODE":"DM","STATE":"","TIMEZONE":"America\/Dominica","LATITUDE":15.25956916809082,"LONGITUDE":-61.37498092651367},{"NAME":"Nkhotakota","COUNTRYCODE":"MW","STATE":"","TIMEZONE":"Africa\/Blantyre","LATITUDE":-12.931686401367188,"LONGITUDE":34.28105545043945},{"NAME":"Caldas Novas","COUNTRYCODE":"BR","STATE":"","TIMEZONE":"America\/Sao_Paulo","LATITUDE":-17.747249603271484,"LONGITUDE":-48.612274169921875},{"NAME":"Osasco","COUNTRYCODE":"BR","STATE":"","TIMEZONE":"America\/Sao_Paulo","LATITUDE":-23.532886505126953,"LONGITUDE":-46.791996002197266},{"NAME":"Fūman","COUNTRYCODE":"IR","STATE":"","TIMEZONE":"Asia\/Tehran","LATITUDE":37.22037887573242,"LONGITUDE":49.309505462646484},{"NAME":"Ambunti","COUNTRYCODE":"PG","STATE":"","TIMEZONE":"Pacific\/Port_Moresby","LATITUDE":-4.214165687561035,"LONGITUDE":142.81520080566406},{"NAME":"Paris 11","COUNTRYCODE":"FR","STATE":"Île-de-France","TIMEZONE":"Europe\/Paris","LATITUDE":48.86104965209961,"LONGITUDE":2.3237082958221436},{"NAME":"Riangbaring","COUNTRYCODE":"ID","STATE":"","TIMEZONE":"Asia\/Makassar","LATITUDE":-8.609112739562988,"LONGITUDE":122.77816009521484},{"NAME":"Chahe","COUNTRYCODE":"CN","STATE":"","TIMEZONE":"Asia\/Chongqing","LATITUDE":19.238933563232422,"LONGITUDE":108.95734405517578},{"NAME":"Yerofey Pavlovich","COUNTRYCODE":"RU","STATE":"","TIMEZONE":"Asia\/Yakutsk","LATITUDE":53.96992492675781,"LONGITUDE":121.94539642333984},{"NAME":"Bolengpulau","COUNTRYCODE":"ID","STATE":"","TIMEZONE":"Asia\/Makassar","LATITUDE":-8.435832977294922,"LONGITUDE":119.99166870117188},{"NAME":"Jasugih Selatan","COUNTRYCODE":"ID","STATE":"","TIMEZONE":"Asia\/Jakarta","LATITUDE":-6.434700012207031,"LONGITUDE":106.00150299072266},{"NAME":"Fort Portal","COUNTRYCODE":"UG","STATE":"","TIMEZONE":"Africa\/Kampala","LATITUDE":0.6546257138252258,"LONGITUDE":30.28011703491211},{"NAME":"Agualote","COUNTRYCODE":"HN","STATE":"","TIMEZONE":"America\/Guatemala","LATITUDE":15.336264610290527,"LONGITUDE":-88.55290985107422}]}}
