<CITIES>
  <CITY COUNTRYCODE="CN">
    <NAME>Lizi</NAME>
    <STATE></STATE>
    <TIMEZONE>Asia/Chongqing</TIMEZONE>
    <LATITUDE>31.082561492919922</LATITUDE>
    <LONGITUDE>106.85911560058594</LONGITUDE>
  </CITY>
  <CITY COUNTRYCODE="UA">
    <NAME>Ochakiv</NAME>
    <STATE></STATE>
    <TIMEZONE>Europe/Simferopol</TIMEZONE>
    <LATITUDE>46.61876678466797</LATITUDE>
    <LONGITUDE>31.538793563842773</LONGITUDE>
  </CITY>
  <CITY COUNTRYCODE="CN">
    <NAME>Chengbei</NAME>
    <STATE></STATE>
    <TIMEZONE>Asia/Chongqing</TIMEZONE>
    <LATITUDE>36.65003967285156</LATITUDE>
    <LONGITUDE>101.76622772216797</LONGITUDE>
  </CITY>
  <CITY COUNTRYCODE="WS">
    <NAME>Falefa</NAME>
    <STATE></STATE>
    <TIMEZONE>Pacific/Apia</TIMEZONE>
    <LATITUDE>-13.887528419494629</LATITUDE>
    <LONGITUDE>-171.58775329589844</LONGITUDE>
  </CITY>
  <CITY COUNTRYCODE="ZA">
    <NAME>Heidelberg</NAME>
    <STATE></STATE>
    <TIMEZONE>Africa/Johannesburg</TIMEZONE>
    <LATITUDE>-26.239688873291016</LATITUDE>
    <LONGITUDE>28.321725845336914</LONGITUDE>
  </CITY>
  <CITY COUNTRYCODE="US">
    <NAME>Newark</NAME>
    <STATE>New Jersey</STATE>
    <TIMEZONE>America/New_York</TIMEZONE>
    <LATITUDE>40.7400016784668</LATITUDE>
    <LONGITUDE>-74.16999816894531</LONGITUDE>
  </CITY>
  <CITY COUNTRYCODE="PL">
    <NAME>Mirocin</NAME>
    <STATE></STATE>
    <TIMEZONE>Europe/Warsaw</TIMEZONE>
    <LATITUDE>50.04316329956055</LATITUDE>
    <LONGITUDE>22.55559539794922</LONGITUDE>
  </CITY>
  <CITY COUNTRYCODE="HU">
    <NAME>Budapest</NAME>
    <STATE>Budapest</STATE>
    <TIMEZONE>Europe/Budapest</TIMEZONE>
    <LATITUDE>47.479469299316406</LATITUDE>
    <LONGITUDE>19.05447769165039</LONGITUDE>
  </CITY>
  <CITY COUNTRYCODE="PH">
    <NAME>Cagmanaba</NAME>
    <STATE></STATE>
    <TIMEZONE>Asia/Manila</TIMEZONE>
    <LATITUDE>13.05537223815918</LATITUDE>
    <LONGITUDE>123.3014907836914</LONGITUDE>
  </CITY>
  <CITY COUNTRYCODE="PT">
    <NAME>Casa Nova</NAME>
    <STATE>Braga</STATE>
    <TIMEZONE>Europe/Lisbon</TIMEZONE>
    <LATITUDE>41.07872009277344</LATITUDE>
    <LONGITUDE>-7.435408115386963</LONGITUDE>
  </CITY>
  <CITY COUNTRYCODE="GB">
    <NAME>Newport</NAME>
    <STATE>England</STATE>
    <TIMEZONE>Europe/London</TIMEZONE>
    <LATITUDE>52.69155502319336</LATITUDE>
    <LONGITUDE>1.6993746757507324</LONGITUDE>
  </CITY>
  <CITY COUNTRYCODE="TH">
    <NAME>Sap Yai</NAME>
    <STATE></STATE>
    <TIMEZONE>Asia/Bangkok</TIMEZONE>
    <LATITUDE>16.752450942993164</LATITUDE>
    <LONGITUDE>100.26251983642578</LONGITUDE>
  </CITY>
  <CITY COUNTRYCODE="ID">
    <NAME>Bangbayang</NAME>
    <STATE></STATE>
    <TIMEZONE>Asia/Jakarta</TIMEZONE>
    <LATITUDE>-6.873422622680664</LATITUDE>
    <LONGITUDE>107.07461547851562</LONGITUDE>
  </CITY>
  <CITY COUNTRYCODE="PH">
    <NAME>Alibago</NAME>
    <STATE></STATE>
    <TIMEZONE>Asia/Manila</TIMEZONE>
    <LATITUDE>17.101396560668945</LATITUDE>
    <LONGITUDE>121.86080932617188</LONGITUDE>
  </CITY>
  <CITY COUNTRYCODE="FR">
    <NAME>Béziers</NAME>
    <STATE>Languedoc-Roussillon</STATE>
    <TIMEZONE>Europe/Paris</TIMEZONE>
    <LATITUDE>43.336280822753906</LATITUDE>
    <LONGITUDE>3.2188961505889893</LONGITUDE>
  </CITY>
  <CITY COUNTRYCODE="CN">
    <NAME>Taizhou</NAME>
    <STATE></STATE>
    <TIMEZONE>Asia/Shanghai</TIMEZONE>
    <LATITUDE>28.65637969970703</LATITUDE>
    <LONGITUDE>121.42076110839844</LONGITUDE>
  </CITY>
  <CITY COUNTRYCODE="PH">
    <NAME>Parang</NAME>
    <STATE></STATE>
    <TIMEZONE>Asia/Manila</TIMEZONE>
    <LATITUDE>7.326879978179932</LATITUDE>
    <LONGITUDE>124.29720306396484</LONGITUDE>
  </CITY>
  <CITY COUNTRYCODE="CN">
    <NAME>Simapu</NAME>
    <STATE></STATE>
    <TIMEZONE>Asia/Shanghai</TIMEZONE>
    <LATITUDE>23.254487991333008</LATITUDE>
    <LONGITUDE>116.37015533447266</LONGITUDE>
  </CITY>
  <CITY COUNTRYCODE="US">
    <NAME>Tempe</NAME>
    <STATE>Arizona</STATE>
    <TIMEZONE>America/Phoenix</TIMEZONE>
    <LATITUDE>33.33638381958008</LATITUDE>
    <LONGITUDE>-111.93436431884766</LONGITUDE>
  </CITY>
  <CITY COUNTRYCODE="ID">
    <NAME>Kabare</NAME>
    <STATE></STATE>
    <TIMEZONE>Asia/Jayapura</TIMEZONE>
    <LATITUDE>-0.13413700461387634</LATITUDE>
    <LONGITUDE>130.94859313964844</LONGITUDE>
  </CITY>
  <CITY COUNTRYCODE="RU">
    <NAME>Ivanovka</NAME>
    <STATE></STATE>
    <TIMEZONE>Asia/Vladivostok</TIMEZONE>
    <LATITUDE>55.79088592529297</LATITUDE>
    <LONGITUDE>44.072479248046875</LONGITUDE>
  </CITY>
  <CITY COUNTRYCODE="UZ">
    <NAME>Kegeyli Shahar</NAME>
    <STATE></STATE>
    <TIMEZONE>Asia/Samarkand</TIMEZONE>
    <LATITUDE>42.775142669677734</LATITUDE>
    <LONGITUDE>59.61227798461914</LONGITUDE>
  </CITY>
  <CITY COUNTRYCODE="GT">
    <NAME>Santa María Ixhuatán</NAME>
    <STATE></STATE>
    <TIMEZONE>America/Guatemala</TIMEZONE>
    <LATITUDE>14.17620849609375</LATITUDE>
    <LONGITUDE>-90.26255798339844</LONGITUDE>
  </CITY>
  <CITY COUNTRYCODE="BG">
    <NAME>Ruse</NAME>
    <STATE></STATE>
    <TIMEZONE>Europe/Sofia</TIMEZONE>
    <LATITUDE>43.797996520996094</LATITUDE>
    <LONGITUDE>25.90532112121582</LONGITUDE>
  </CITY>
  <CITY COUNTRYCODE="RU">
    <NAME>Orenburg</NAME>
    <STATE></STATE>
    <TIMEZONE>Asia/Yekaterinburg</TIMEZONE>
    <LATITUDE>51.76836013793945</LATITUDE>
    <LONGITUDE>55.11302185058594</LONGITUDE>
  </CITY>
  <CITY COUNTRYCODE="PT">
    <NAME>Murganhal</NAME>
    <STATE>Lisboa</STATE>
    <TIMEZONE>Europe/Lisbon</TIMEZONE>
    <LATITUDE>38.712223052978516</LATITUDE>
    <LONGITUDE>-9.268828392028809</LONGITUDE>
  </CITY>
  <CITY COUNTRYCODE="GR">
    <NAME>Kalampáka</NAME>
    <STATE></STATE>
    <TIMEZONE>Europe/Athens</TIMEZONE>
    <LATITUDE>39.70661926269531</LATITUDE>
    <LONGITUDE>21.62887191772461</LONGITUDE>
  </CITY>
  <CITY COUNTRYCODE="ID">
    <NAME>Were</NAME>
    <STATE></STATE>
    <TIMEZONE>Asia/Makassar</TIMEZONE>
    <LATITUDE>-0.7892749905586243</LATITUDE>
    <LONGITUDE>113.92132568359375</LONGITUDE>
  </CITY>
  <CITY COUNTRYCODE="RU">
    <NAME>Starotitarovskaya</NAME>
    <STATE></STATE>
    <TIMEZONE>Europe/Moscow</TIMEZONE>
    <LATITUDE>45.22138214111328</LATITUDE>
    <LONGITUDE>37.11682891845703</LONGITUDE>
  </CITY>
  <CITY COUNTRYCODE="AM">
    <NAME>Kasakh</NAME>
    <STATE></STATE>
    <TIMEZONE>Asia/Yerevan</TIMEZONE>
    <LATITUDE>40.23552703857422</LATITUDE>
    <LONGITUDE>44.45144271850586</LONGITUDE>
  </CITY>
  <CITY COUNTRYCODE="CA">
    <NAME>Innisfil</NAME>
    <STATE>Ontario</STATE>
    <TIMEZONE>America/Toronto</TIMEZONE>
    <LATITUDE>44.341766357421875</LATITUDE>
    <LONGITUDE>-79.54266357421875</LONGITUDE>
  </CITY>
  <CITY COUNTRYCODE="ID">
    <NAME>Sikka</NAME>
    <STATE></STATE>
    <TIMEZONE>Asia/Makassar</TIMEZONE>
    <LATITUDE>-8.676617622375488</LATITUDE>
    <LONGITUDE>122.12918090820312</LONGITUDE>
  </CITY>
  <CITY COUNTRYCODE="CG">
    <NAME>Madingou</NAME>
    <STATE></STATE>
    <TIMEZONE>Africa/Brazzaville</TIMEZONE>
    <LATITUDE>-4.168245315551758</LATITUDE>
    <LONGITUDE>13.5523681640625</LONGITUDE>
  </CITY>
  <CITY COUNTRYCODE="GR">
    <NAME>Tílisos</NAME>
    <STATE></STATE>
    <TIMEZONE>Europe/Athens</TIMEZONE>
    <LATITUDE>35.29703903198242</LATITUDE>
    <LONGITUDE>25.01822280883789</LONGITUDE>
  </CITY>
  <CITY COUNTRYCODE="AR">
    <NAME>Embarcación</NAME>
    <STATE></STATE>
    <TIMEZONE>America/Argentina/Salta</TIMEZONE>
    <LATITUDE>-41.125484466552734</LATITUDE>
    <LONGITUDE>-71.24859619140625</LONGITUDE>
  </CITY>
  <CITY COUNTRYCODE="FR">
    <NAME>Perpignan</NAME>
    <STATE>Languedoc-Roussillon</STATE>
    <TIMEZONE>Europe/Paris</TIMEZONE>
    <LATITUDE>43.69430923461914</LATITUDE>
    <LONGITUDE>2.037677526473999</LONGITUDE>
  </CITY>
  <CITY COUNTRYCODE="PH">
    <NAME>Bonga</NAME>
    <STATE></STATE>
    <TIMEZONE>Asia/Manila</TIMEZONE>
    <LATITUDE>13.151121139526367</LATITUDE>
    <LONGITUDE>123.3047103881836</LONGITUDE>
  </CITY>
  <CITY COUNTRYCODE="PH">
    <NAME>Dagupan</NAME>
    <STATE></STATE>
    <TIMEZONE>Asia/Manila</TIMEZONE>
    <LATITUDE>14.635506629943848</LATITUDE>
    <LONGITUDE>121.01548767089844</LONGITUDE>
  </CITY>
  <CITY COUNTRYCODE="YE">
    <NAME>Markaz Mudhaykirah</NAME>
    <STATE></STATE>
    <TIMEZONE>Asia/Aden</TIMEZONE>
    <LATITUDE>13.889530181884766</LATITUDE>
    <LONGITUDE>43.96879959106445</LONGITUDE>
  </CITY>
  <CITY COUNTRYCODE="PT">
    <NAME>São Silvestre</NAME>
    <STATE>Coimbra</STATE>
    <TIMEZONE>Europe/Lisbon</TIMEZONE>
    <LATITUDE>40.223350524902344</LATITUDE>
    <LONGITUDE>-8.533652305603027</LONGITUDE>
  </CITY>
  <CITY COUNTRYCODE="CN">
    <NAME>Jianggezhuang</NAME>
    <STATE></STATE>
    <TIMEZONE>Asia/Shanghai</TIMEZONE>
    <LATITUDE>40.22513961791992</LATITUDE>
    <LONGITUDE>116.78102111816406</LONGITUDE>
  </CITY>
  <CITY COUNTRYCODE="IR">
    <NAME>Bandar-e Ganāveh</NAME>
    <STATE></STATE>
    <TIMEZONE>Asia/Tehran</TIMEZONE>
    <LATITUDE>29.5692081451416</LATITUDE>
    <LONGITUDE>50.52391052246094</LONGITUDE>
  </CITY>
  <CITY COUNTRYCODE="PL">
    <NAME>Wolbrom</NAME>
    <STATE></STATE>
    <TIMEZONE>Europe/Warsaw</TIMEZONE>
    <LATITUDE>50.379390716552734</LATITUDE>
    <LONGITUDE>19.758399963378906</LONGITUDE>
  </CITY>
  <CITY COUNTRYCODE="NO">
    <NAME>Steinkjer</NAME>
    <STATE>Nord-Trondelag</STATE>
    <TIMEZONE>Europe/Oslo</TIMEZONE>
    <LATITUDE>64.01288604736328</LATITUDE>
    <LONGITUDE>11.496376037597656</LONGITUDE>
  </CITY>
  <CITY COUNTRYCODE="ID">
    <NAME>Paojan</NAME>
    <STATE></STATE>
    <TIMEZONE>Asia/Jakarta</TIMEZONE>
    <LATITUDE>-6.955949306488037</LATITUDE>
    <LONGITUDE>107.5099105834961</LONGITUDE>
  </CITY>
  <CITY COUNTRYCODE="PL">
    <NAME>Łęki Szlacheckie</NAME>
    <STATE></STATE>
    <TIMEZONE>Europe/Warsaw</TIMEZONE>
    <LATITUDE>51.21099090576172</LATITUDE>
    <LONGITUDE>19.752666473388672</LONGITUDE>
  </CITY>
  <CITY COUNTRYCODE="US">
    <NAME>Farmington</NAME>
    <STATE>Michigan</STATE>
    <TIMEZONE>America/Detroit</TIMEZONE>
    <LATITUDE>42.4643440246582</LATITUDE>
    <LONGITUDE>-83.40564727783203</LONGITUDE>
  </CITY>
  <CITY COUNTRYCODE="CN">
    <NAME>Quanjiang</NAME>
    <STATE></STATE>
    <TIMEZONE>Asia/Shanghai</TIMEZONE>
    <LATITUDE>30.40216636657715</LATITUDE>
    <LONGITUDE>112.89976501464844</LONGITUDE>
  </CITY>
  <CITY COUNTRYCODE="ZA">
    <NAME>Musina</NAME>
    <STATE></STATE>
    <TIMEZONE>Africa/Johannesburg</TIMEZONE>
    <LATITUDE>-22.882463455200195</LATITUDE>
    <LONGITUDE>30.145469665527344</LONGITUDE>
  </CITY>
  <CITY COUNTRYCODE="PH">
    <NAME>Glamang</NAME>
    <STATE></STATE>
    <TIMEZONE>Asia/Manila</TIMEZONE>
    <LATITUDE>6.163969039916992</LATITUDE>
    <LONGITUDE>125.11444091796875</LONGITUDE>
  </CITY>
  <CITY COUNTRYCODE="CN">
    <NAME>Jiangyan</NAME>
    <STATE></STATE>
    <TIMEZONE>Asia/Shanghai</TIMEZONE>
    <LATITUDE>32.5091552734375</LATITUDE>
    <LONGITUDE>120.12793731689453</LONGITUDE>
  </CITY>
  <CITY COUNTRYCODE="RU">
    <NAME>Znamenka</NAME>
    <STATE></STATE>
    <TIMEZONE>Europe/Moscow</TIMEZONE>
    <LATITUDE>52.41596984863281</LATITUDE>
    <LONGITUDE>41.427852630615234</LONGITUDE>
  </CITY>
  <CITY COUNTRYCODE="SE">
    <NAME>Ulricehamn</NAME>
    <STATE>Västra Götaland</STATE>
    <TIMEZONE>Europe/Stockholm</TIMEZONE>
    <LATITUDE>57.782249450683594</LATITUDE>
    <LONGITUDE>13.41616439819336</LONGITUDE>
  </CITY>
  <CITY COUNTRYCODE="PE">
    <NAME>Yungay</NAME>
    <STATE></STATE>
    <TIMEZONE>America/Lima</TIMEZONE>
    <LATITUDE>-9.138416290283203</LATITUDE>
    <LONGITUDE>-77.74234771728516</LONGITUDE>
  </CITY>
  <CITY COUNTRYCODE="CN">
    <NAME>Guanmiao</NAME>
    <STATE></STATE>
    <TIMEZONE>Asia/Chongqing</TIMEZONE>
    <LATITUDE>22.96370506286621</LATITUDE>
    <LONGITUDE>120.33201599121094</LONGITUDE>
  </CITY>
  <CITY COUNTRYCODE="CN">
    <NAME>Qiankou</NAME>
    <STATE></STATE>
    <TIMEZONE>Asia/Shanghai</TIMEZONE>
    <LATITUDE>29.86359977722168</LATITUDE>
    <LONGITUDE>118.30706024169922</LONGITUDE>
  </CITY>
  <CITY COUNTRYCODE="AL">
    <NAME>Shupenzë</NAME>
    <STATE></STATE>
    <TIMEZONE>Europe/Skopje</TIMEZONE>
    <LATITUDE>41.5327262878418</LATITUDE>
    <LONGITUDE>20.423229217529297</LONGITUDE>
  </CITY>
  <CITY COUNTRYCODE="ID">
    <NAME>Pili</NAME>
    <STATE></STATE>
    <TIMEZONE>Asia/Makassar</TIMEZONE>
    <LATITUDE>-9.770221710205078</LATITUDE>
    <LONGITUDE>124.5140609741211</LONGITUDE>
  </CITY>
  <CITY COUNTRYCODE="JP">
    <NAME>Hachinohe</NAME>
    <STATE></STATE>
    <TIMEZONE>Asia/Tokyo</TIMEZONE>
    <LATITUDE>40.23289489746094</LATITUDE>
    <LONGITUDE>141.29685974121094</LONGITUDE>
  </CITY>
  <CITY COUNTRYCODE="SE">
    <NAME>Rönninge</NAME>
    <STATE>Stockholm</STATE>
    <TIMEZONE>Europe/Stockholm</TIMEZONE>
    <LATITUDE>59.18947982788086</LATITUDE>
    <LONGITUDE>17.755859375</LONGITUDE>
  </CITY>
  <CITY COUNTRYCODE="CN">
    <NAME>Qiaozhuang</NAME>
    <STATE></STATE>
    <TIMEZONE>Asia/Chongqing</TIMEZONE>
    <LATITUDE>33.259033203125</LATITUDE>
    <LONGITUDE>117.15878295898438</LONGITUDE>
  </CITY>
  <CITY COUNTRYCODE="PE">
    <NAME>Miraflores</NAME>
    <STATE></STATE>
    <TIMEZONE>America/Lima</TIMEZONE>
    <LATITUDE>-12.111062049865723</LATITUDE>
    <LONGITUDE>-77.0315933227539</LONGITUDE>
  </CITY>
  <CITY COUNTRYCODE="KW">
    <NAME>Al Faḩāḩīl</NAME>
    <STATE></STATE>
    <TIMEZONE>Asia/Kuwait</TIMEZONE>
    <LATITUDE>29.082500457763672</LATITUDE>
    <LONGITUDE>48.130279541015625</LONGITUDE>
  </CITY>
  <CITY COUNTRYCODE="CN">
    <NAME>Jiaocha</NAME>
    <STATE></STATE>
    <TIMEZONE>Asia/Chongqing</TIMEZONE>
    <LATITUDE>23.422151565551758</LATITUDE>
    <LONGITUDE>106.68113708496094</LONGITUDE>
  </CITY>
  <CITY COUNTRYCODE="CN">
    <NAME>Zhaogezhuang</NAME>
    <STATE></STATE>
    <TIMEZONE>Asia/Harbin</TIMEZONE>
    <LATITUDE>39.76570129394531</LATITUDE>
    <LONGITUDE>118.41276550292969</LONGITUDE>
  </CITY>
  <CITY COUNTRYCODE="PH">
    <NAME>San Rafael</NAME>
    <STATE></STATE>
    <TIMEZONE>Asia/Manila</TIMEZONE>
    <LATITUDE>14.569743156433105</LATITUDE>
    <LONGITUDE>121.01908111572266</LONGITUDE>
  </CITY>
  <CITY COUNTRYCODE="CN">
    <NAME>Qinling Jieban</NAME>
    <STATE></STATE>
    <TIMEZONE>Asia/Chongqing</TIMEZONE>
    <LATITUDE>34.17776870727539</LATITUDE>
    <LONGITUDE>108.86823272705078</LONGITUDE>
  </CITY>
  <CITY COUNTRYCODE="ID">
    <NAME>Bangeran</NAME>
    <STATE></STATE>
    <TIMEZONE>Asia/Jakarta</TIMEZONE>
    <LATITUDE>-7.370850563049316</LATITUDE>
    <LONGITUDE>112.44404602050781</LONGITUDE>
  </CITY>
  <CITY COUNTRYCODE="PL">
    <NAME>Wyszki</NAME>
    <STATE></STATE>
    <TIMEZONE>Europe/Warsaw</TIMEZONE>
    <LATITUDE>52.852203369140625</LATITUDE>
    <LONGITUDE>23.033456802368164</LONGITUDE>
  </CITY>
  <CITY COUNTRYCODE="CN">
    <NAME>Wumahe</NAME>
    <STATE></STATE>
    <TIMEZONE>Asia/Harbin</TIMEZONE>
    <LATITUDE>47.72768783569336</LATITUDE>
    <LONGITUDE>128.7994842529297</LONGITUDE>
  </CITY>
  <CITY COUNTRYCODE="FR">
    <NAME>Rodez</NAME>
    <STATE>Midi-Pyrénées</STATE>
    <TIMEZONE>Europe/Paris</TIMEZONE>
    <LATITUDE>44.54539108276367</LATITUDE>
    <LONGITUDE>2.145519971847534</LONGITUDE>
  </CITY>
  <CITY COUNTRYCODE="GT">
    <NAME>La Reforma</NAME>
    <STATE></STATE>
    <TIMEZONE>America/Guatemala</TIMEZONE>
    <LATITUDE>14.605090141296387</LATITUDE>
    <LONGITUDE>-90.5158462524414</LONGITUDE>
  </CITY>
  <CITY COUNTRYCODE="CV">
    <NAME>Cova Figueira</NAME>
    <STATE></STATE>
    <TIMEZONE>Atlantic/Cape_Verde</TIMEZONE>
    <LATITUDE>14.889236450195312</LATITUDE>
    <LONGITUDE>-24.29402732849121</LONGITUDE>
  </CITY>
  <CITY COUNTRYCODE="CN">
    <NAME>Rencun</NAME>
    <STATE></STATE>
    <TIMEZONE>Asia/Chongqing</TIMEZONE>
    <LATITUDE>26.076536178588867</LATITUDE>
    <LONGITUDE>119.28075408935547</LONGITUDE>
  </CITY>
  <CITY COUNTRYCODE="MX">
    <NAME>San Jose</NAME>
    <STATE>Sonora</STATE>
    <TIMEZONE>America/Hermosillo</TIMEZONE>
    <LATITUDE>25.800771713256836</LATITUDE>
    <LONGITUDE>-100.42778015136719</LONGITUDE>
  </CITY>
  <CITY COUNTRYCODE="ID">
    <NAME>Jadi</NAME>
    <STATE></STATE>
    <TIMEZONE>Asia/Jakarta</TIMEZONE>
    <LATITUDE>-6.952811241149902</LATITUDE>
    <LONGITUDE>111.98802185058594</LONGITUDE>
  </CITY>
  <CITY COUNTRYCODE="BR">
    <NAME>Senador Pompeu</NAME>
    <STATE></STATE>
    <TIMEZONE>America/Fortaleza</TIMEZONE>
    <LATITUDE>-5.585034370422363</LATITUDE>
    <LONGITUDE>-39.37083053588867</LONGITUDE>
  </CITY>
  <CITY COUNTRYCODE="PE">
    <NAME>Caja</NAME>
    <STATE></STATE>
    <TIMEZONE>America/Lima</TIMEZONE>
    <LATITUDE>-12.883333206176758</LATITUDE>
    <LONGITUDE>-74.46666717529297</LONGITUDE>
  </CITY>
  <CITY COUNTRYCODE="CN">
    <NAME>Xinfeng</NAME>
    <STATE></STATE>
    <TIMEZONE>Asia/Shanghai</TIMEZONE>
    <LATITUDE>25.38637924194336</LATITUDE>
    <LONGITUDE>114.92292022705078</LONGITUDE>
  </CITY>
  <CITY COUNTRYCODE="CN">
    <NAME>Baiyangwan</NAME>
    <STATE></STATE>
    <TIMEZONE>Asia/Shanghai</TIMEZONE>
    <LATITUDE>31.363344192504883</LATITUDE>
    <LONGITUDE>120.54735565185547</LONGITUDE>
  </CITY>
  <CITY COUNTRYCODE="VN">
    <NAME>Tam Kỳ</NAME>
    <STATE></STATE>
    <TIMEZONE>Asia/Ho_Chi_Minh</TIMEZONE>
    <LATITUDE>15.563882827758789</LATITUDE>
    <LONGITUDE>108.47863006591797</LONGITUDE>
  </CITY>
  <CITY COUNTRYCODE="RU">
    <NAME>Gorodets</NAME>
    <STATE></STATE>
    <TIMEZONE>Europe/Moscow</TIMEZONE>
    <LATITUDE>56.75778579711914</LATITUDE>
    <LONGITUDE>43.537879943847656</LONGITUDE>
  </CITY>
  <CITY COUNTRYCODE="US">
    <NAME>Cincinnati</NAME>
    <STATE>Ohio</STATE>
    <TIMEZONE>America/New_York</TIMEZONE>
    <LATITUDE>39.07450485229492</LATITUDE>
    <LONGITUDE>-84.33210754394531</LONGITUDE>
  </CITY>
  <CITY COUNTRYCODE="ID">
    <NAME>Banyumas</NAME>
    <STATE></STATE>
    <TIMEZONE>Asia/Jakarta</TIMEZONE>
    <LATITUDE>-7.483213424682617</LATITUDE>
    <LONGITUDE>109.14043426513672</LONGITUDE>
  </CITY>
  <CITY COUNTRYCODE="CN">
    <NAME>Houzhen</NAME>
    <STATE></STATE>
    <TIMEZONE>Asia/Chongqing</TIMEZONE>
    <LATITUDE>30.7428035736084</LATITUDE>
    <LONGITUDE>120.4880599975586</LONGITUDE>
  </CITY>
  <CITY COUNTRYCODE="PS">
    <NAME>Bayt Ta‘mar</NAME>
    <STATE></STATE>
    <TIMEZONE>Asia/Hebron</TIMEZONE>
    <LATITUDE>31.67871856689453</LATITUDE>
    <LONGITUDE>35.2418212890625</LONGITUDE>
  </CITY>
  <CITY COUNTRYCODE="DM">
    <NAME>Pointe Michel</NAME>
    <STATE></STATE>
    <TIMEZONE>America/Dominica</TIMEZONE>
    <LATITUDE>15.25956916809082</LATITUDE>
    <LONGITUDE>-61.37498092651367</LONGITUDE>
  </CITY>
  <CITY COUNTRYCODE="MW">
    <NAME>Nkhotakota</NAME>
    <STATE></STATE>
    <TIMEZONE>Africa/Blantyre</TIMEZONE>
    <LATITUDE>-12.931686401367188</LATITUDE>
    <LONGITUDE>34.28105545043945</LONGITUDE>
  </CITY>
  <CITY COUNTRYCODE="BR">
    <NAME>Caldas Novas</NAME>
    <STATE></STATE>
    <TIMEZONE>America/Sao_Paulo</TIMEZONE>
    <LATITUDE>-17.747249603271484</LATITUDE>
    <LONGITUDE>-48.612274169921875</LONGITUDE>
  </CITY>
  <CITY COUNTRYCODE="BR">
    <NAME>Osasco</NAME>
    <STATE></STATE>
    <TIMEZONE>America/Sao_Paulo</TIMEZONE>
    <LATITUDE>-23.532886505126953</LATITUDE>
    <LONGITUDE>-46.791996002197266</LONGITUDE>
  </CITY>
  <CITY COUNTRYCODE="IR">
    <NAME>Fūman</NAME>
    <STATE></STATE>
    <TIMEZONE>Asia/Tehran</TIMEZONE>
    <LATITUDE>37.22037887573242</LATITUDE>
    <LONGITUDE>49.309505462646484</LONGITUDE>
  </CITY>
  <CITY COUNTRYCODE="PG">
    <NAME>Ambunti</NAME>
    <STATE></STATE>
    <TIMEZONE>Pacific/Port_Moresby</TIMEZONE>
    <LATITUDE>-4.214165687561035</LATITUDE>
    <LONGITUDE>142.81520080566406</LONGITUDE>
  </CITY>
  <CITY COUNTRYCODE="FR">
    <NAME>Paris 11</NAME>
    <STATE>Île-de-France</STATE>
    <TIMEZONE>Europe/Paris</TIMEZONE>
    <LATITUDE>48.86104965209961</LATITUDE>
    <LONGITUDE>2.3237082958221436</LONGITUDE>
  </CITY>
  <CITY COUNTRYCODE="ID">
    <NAME>Riangbaring</NAME>
    <STATE></STATE>
    <TIMEZONE>Asia/Makassar</TIMEZONE>
    <LATITUDE>-8.609112739562988</LATITUDE>
    <LONGITUDE>122.77816009521484</LONGITUDE>
  </CITY>
  <CITY COUNTRYCODE="CN">
    <NAME>Chahe</NAME>
    <STATE></STATE>
    <TIMEZONE>Asia/Chongqing</TIMEZONE>
    <LATITUDE>19.238933563232422</LATITUDE>
    <LONGITUDE>108.95734405517578</LONGITUDE>
  </CITY>
  <CITY COUNTRYCODE="RU">
    <NAME>Yerofey Pavlovich</NAME>
    <STATE></STATE>
    <TIMEZONE>Asia/Yakutsk</TIMEZONE>
    <LATITUDE>53.96992492675781</LATITUDE>
    <LONGITUDE>121.94539642333984</LONGITUDE>
  </CITY>
  <CITY COUNTRYCODE="ID">
    <NAME>Bolengpulau</NAME>
    <STATE></STATE>
    <TIMEZONE>Asia/Makassar</TIMEZONE>
    <LATITUDE>-8.435832977294922</LATITUDE>
    <LONGITUDE>119.99166870117188</LONGITUDE>
  </CITY>
  <CITY COUNTRYCODE="ID">
    <NAME>Jasugih Selatan</NAME>
    <STATE></STATE>
    <TIMEZONE>Asia/Jakarta</TIMEZONE>
    <LATITUDE>-6.434700012207031</LATITUDE>
    <LONGITUDE>106.00150299072266</LONGITUDE>
  </CITY>
  <CITY COUNTRYCODE="UG">
    <NAME>Fort Portal</NAME>
    <STATE></STATE>
    <TIMEZONE>Africa/Kampala</TIMEZONE>
    <LATITUDE>0.6546257138252258</LATITUDE>
    <LONGITUDE>30.28011703491211</LONGITUDE>
  </CITY>
  <CITY COUNTRYCODE="HN">
    <NAME>Agualote</NAME>
    <STATE></STATE>
    <TIMEZONE>America/Guatemala</TIMEZONE>
    <LATITUDE>15.336264610290527</LATITUDE>
    <LONGITUDE>-88.55290985107422</LONGITUDE>
  </CITY>
</CITIES>
